num_machines,num_jobs,avg_job_duration,min_job_duration,max_job_duration,task_with_duration_[0:10],task_with_duration_[11:20],task_with_duration_[21:30],task_with_duration_[31:40],task_with_duration_[41:50],task_with_duration_[51:60],task_with_duration_[61:70],task_with_duration_[71:80],task_with_duration_[81:90],task_with_duration_[91:100],task_with_duration_[>100],percent_conflicts,meta_better
15.0,10.0,745.8,597.0,965.0,10.667,6.667,11.333,12.0,10.667,9.333,14.667,6.0,10.0,8.667,0.0,27.33,0
15.0,10.0,792.5,673.0,969.0,6.667,7.333,10.667,15.333,9.333,9.333,8.0,12.0,9.333,12.0,0.0,24.67,0
15.0,10.0,770.5,610.0,1006.0,9.333,13.333,10.0,6.0,10.0,11.333,8.667,7.333,12.0,12.0,0.0,25.33,0
15.0,10.0,761.8,621.0,943.0,11.333,8.0,11.333,9.333,13.333,6.667,8.0,8.0,12.667,11.333,0.0,27.33,0
15.0,10.0,782.0,617.0,931.0,13.333,8.667,9.333,6.0,8.667,7.333,12.0,10.0,15.333,9.333,0.0,28.0,0
15.0,10.0,711.9,591.0,815.0,8.667,13.333,11.333,14.0,9.333,8.0,9.333,9.333,8.667,8.0,0.0,26.67,0
15.0,10.0,766.8,462.0,885.0,10.0,10.667,10.667,8.0,10.0,8.0,11.333,9.333,12.667,9.333,0.0,18.67,0
15.0,10.0,746.9,661.0,869.0,9.333,8.0,8.0,12.0,11.333,11.333,16.667,10.667,7.333,5.333,0.0,22.67,0
15.0,10.0,810.2,594.0,999.0,12.0,8.667,9.333,6.667,8.667,10.0,8.667,7.333,10.667,18.0,0.0,28.67,0
15.0,10.0,827.7,707.0,939.0,8.667,10.0,6.667,9.333,6.667,10.0,10.0,14.667,10.667,13.333,0.0,26.0,0
15.0,15.0,778.6,666.0,911.0,8.0,12.889,5.333,10.222,8.889,11.111,14.667,11.111,6.667,11.111,0.0,36.44,0
15.0,15.0,813.2,593.0,1025.0,9.778,11.556,7.556,7.111,8.0,9.333,8.889,10.222,12.889,14.667,0.0,36.89,0
15.0,15.0,768.3333333333334,503.0,1090.0,7.556,14.222,6.667,12.444,8.444,8.444,13.333,6.667,11.556,10.667,0.0,32.0,0
15.0,15.0,792.6,560.0,1112.0,9.333,8.889,11.556,8.444,7.556,8.889,10.222,12.0,11.556,11.556,0.0,35.11,0
15.0,15.0,771.6,491.0,1013.0,10.222,7.111,8.889,10.222,11.111,11.111,11.111,12.889,8.444,8.889,0.0,32.0,0
15.0,15.0,742.6666666666666,590.0,917.0,12.889,5.778,11.111,11.556,9.778,10.222,7.556,13.778,9.333,8.0,0.0,35.11,0
15.0,15.0,748.0666666666667,554.0,1017.0,11.556,11.556,6.667,11.111,11.111,7.556,10.667,12.0,6.667,11.111,0.0,35.11,0
15.0,15.0,732.0,516.0,1022.0,15.111,8.889,10.222,8.444,10.222,7.111,9.778,8.0,11.556,10.667,0.0,39.56,0
15.0,15.0,719.0,535.0,955.0,11.111,12.889,7.111,12.0,13.778,8.889,9.333,6.222,8.0,10.667,0.0,35.56,0
15.0,15.0,768.0,634.0,987.0,8.889,11.111,10.222,9.333,11.556,8.444,9.333,9.333,8.444,13.333,0.0,35.11,0
15.0,20.0,754.15,474.0,986.0,10.333,11.333,8.667,6.667,13.0,11.0,9.0,10.333,9.0,10.667,0.0,45.0,0
15.0,20.0,762.3,599.0,970.0,8.667,8.667,8.667,13.333,12.333,11.0,10.0,7.667,9.667,10.0,0.0,43.0,0
15.0,20.0,744.05,585.0,1047.0,9.0,6.667,12.667,12.0,13.667,9.667,10.333,8.667,9.0,8.333,0.0,43.33,0
15.0,20.0,760.55,582.0,996.0,9.333,7.333,13.667,8.667,9.333,12.667,9.333,9.0,11.333,9.333,0.0,44.0,0
15.0,20.0,725.6,526.0,942.0,10.667,10.333,9.333,12.0,11.0,10.333,11.333,8.0,8.667,8.333,0.0,44.33,0
15.0,20.0,723.15,548.0,997.0,11.0,10.667,10.667,9.667,13.667,6.667,8.333,10.333,11.333,7.667,0.0,43.0,0
15.0,20.0,739.7,507.0,1047.0,10.667,9.667,11.333,8.667,11.667,11.667,8.0,9.0,8.0,11.333,0.0,44.67,0
15.0,20.0,770.0,498.0,1051.0,10.0,8.333,11.667,9.0,10.0,10.333,8.667,12.0,8.667,11.333,0.0,47.67,0
15.0,20.0,752.9,496.0,992.0,12.0,9.667,8.333,8.333,13.0,8.667,10.333,9.0,12.0,8.667,0.0,47.0,0
15.0,20.0,729.55,571.0,903.0,13.667,11.0,7.0,11.667,9.0,9.0,10.667,10.0,7.333,10.667,0.0,46.67,0
15.0,25.0,812.48,693.0,992.0,7.2,8.0,11.2,9.333,10.133,8.267,9.6,12.0,12.533,11.733,0.0,50.93,0
15.0,25.0,737.56,449.0,895.0,8.8,8.8,12.0,11.733,11.467,9.067,11.733,10.133,9.6,6.667,0.0,52.0,0
15.0,25.0,792.04,580.0,963.0,7.2,9.067,9.867,12.267,7.2,11.2,8.533,13.333,11.467,9.867,0.0,49.07,1
15.0,25.0,736.64,497.0,996.0,9.333,10.4,11.467,8.8,12.0,10.4,10.933,9.6,8.8,8.267,0.0,49.33,0
15.0,25.0,746.6,469.0,921.0,11.467,10.4,8.8,10.667,10.667,10.4,7.2,11.467,8.267,10.667,0.0,50.67,1
15.0,25.0,759.0,519.0,927.0,9.067,8.533,13.067,9.067,9.067,10.4,10.933,10.4,11.467,8.0,0.0,51.73,1
15.0,25.0,799.44,623.0,998.0,7.467,9.333,9.067,8.533,13.067,9.6,8.8,10.933,13.6,9.6,0.0,51.2,1
15.0,25.0,770.04,598.0,945.0,8.8,10.933,8.8,8.8,8.267,13.6,9.867,10.4,12.533,8.0,0.0,50.93,1
15.0,25.0,789.92,609.0,974.0,7.2,10.933,10.933,9.067,8.267,10.4,10.667,11.733,9.333,11.467,0.0,49.6,1
15.0,25.0,750.44,573.0,966.0,10.667,9.6,10.667,10.667,8.533,9.6,12.8,8.0,9.867,9.6,0.0,51.73,0
15.0,30.0,758.9333333333333,536.0,949.0,10.0,8.667,9.556,10.444,10.444,11.556,10.0,11.778,9.778,7.778,0.0,56.67,0
15.0,30.0,750.2666666666667,558.0,1015.0,9.556,11.111,11.111,8.222,10.889,9.111,11.333,9.778,8.889,10.0,0.0,55.33,1
15.0,30.0,747.3666666666667,418.0,929.0,10.0,11.333,8.889,10.444,9.333,10.222,11.778,8.444,11.111,8.444,0.0,56.44,0
15.0,30.0,779.1,587.0,956.0,8.667,7.333,11.778,11.556,10.0,8.667,9.111,12.667,10.0,10.222,0.0,56.89,0
15.0,30.0,749.4,472.0,947.0,9.778,11.111,9.778,9.333,10.889,11.556,9.333,8.444,9.778,10.0,0.0,55.78,0
15.0,30.0,746.0,519.0,965.0,10.222,9.778,9.556,12.889,10.444,9.333,10.0,8.0,10.0,9.778,0.0,55.11,1
15.0,30.0,754.7,487.0,960.0,9.556,11.111,10.889,11.111,8.0,8.889,9.778,9.333,10.222,11.111,0.0,56.22,1
15.0,30.0,735.3,490.0,901.0,12.222,9.556,12.222,10.444,8.667,8.667,8.444,8.0,11.556,10.222,0.0,57.78,1
15.0,30.0,810.3666666666667,670.0,1012.0,8.889,7.111,8.667,8.0,11.111,11.333,10.667,12.0,12.444,9.778,0.0,56.0,1
15.0,30.0,732.4333333333333,559.0,991.0,13.111,9.333,10.444,11.111,9.111,8.222,8.889,9.778,10.222,9.778,0.0,55.56,1
15.0,35.0,779.0285714285715,456.0,1071.0,8.571,9.333,9.143,9.524,11.81,11.048,10.095,10.476,9.333,10.667,0.0,61.9,0
15.0,35.0,751.6857142857143,513.0,1033.0,8.762,10.667,11.429,10.095,9.905,8.762,9.714,12.762,9.143,8.762,0.0,61.33,1
15.0,35.0,743.3714285714286,399.0,944.0,12.19,8.952,10.286,11.048,10.095,9.714,7.81,7.429,12.0,10.476,0.0,60.76,1
15.0,35.0,777.2571428571429,504.0,1037.0,8.381,10.476,10.667,8.381,10.857,8.0,11.238,11.238,11.619,9.143,0.0,61.14,0
15.0,35.0,799.0857142857143,538.0,1041.0,10.286,7.429,7.81,8.762,8.952,9.714,13.905,13.333,10.857,8.952,0.0,60.57,1
15.0,35.0,746.5142857142857,550.0,980.0,8.762,11.048,11.238,10.667,9.905,10.095,10.286,9.143,8.381,10.476,0.0,62.1,1
15.0,35.0,770.4571428571429,574.0,994.0,8.381,8.762,10.286,8.952,10.286,13.905,11.048,10.286,9.333,8.762,0.0,61.52,1
15.0,35.0,757.4285714285714,516.0,975.0,11.619,8.762,8.571,11.048,9.714,8.952,11.619,9.905,9.905,9.905,0.0,60.38,1
15.0,35.0,801.2,605.0,1070.0,8.19,10.476,9.524,9.143,7.619,10.095,8.952,11.048,12.381,12.571,0.0,60.76,1
15.0,35.0,766.4571428571429,571.0,960.0,10.667,9.714,8.952,8.952,11.238,9.333,10.857,8.762,11.048,10.476,0.0,61.71,1
15.0,40.0,745.15,437.0,926.0,9.0,10.167,11.0,12.333,9.667,9.5,10.5,9.5,8.667,9.667,0.0,66.17,1
15.0,40.0,726.825,521.0,944.0,11.167,11.667,11.0,10.167,9.5,8.833,10.167,7.5,10.167,9.833,0.0,64.0,1
15.0,40.0,780.525,584.0,970.0,10.167,9.5,8.667,8.5,12.0,8.167,10.667,10.0,11.667,10.667,0.0,65.33,0
15.0,40.0,775.35,455.0,1024.0,10.5,9.0,9.0,10.0,9.167,11.833,8.5,10.167,9.833,12.0,0.0,64.5,1
15.0,40.0,749.775,572.0,978.0,10.167,10.833,12.167,7.167,9.5,11.5,8.833,9.833,9.667,10.333,0.0,65.0,1
15.0,40.0,760.575,472.0,991.0,9.667,10.167,11.0,9.667,9.167,10.333,9.0,11.167,9.5,10.333,0.0,65.83,1
15.0,40.0,764.5,473.0,1005.0,10.167,11.0,8.5,8.833,10.333,10.333,9.333,10.833,10.833,9.833,0.0,65.67,0
15.0,40.0,742.275,413.0,1092.0,12.167,9.667,9.667,10.333,9.667,9.0,8.833,10.167,10.833,9.667,0.0,65.17,0
15.0,40.0,742.2,496.0,912.0,11.167,8.667,11.5,9.833,9.167,10.833,12.167,9.0,8.167,9.5,0.0,64.33,0
15.0,40.0,734.075,467.0,919.0,10.333,11.0,9.5,9.667,10.833,11.167,11.667,8.5,9.5,7.833,0.0,65.17,0
15.0,45.0,758.3111111111111,496.0,1155.0,9.63,10.815,10.667,8.593,11.556,9.037,9.185,9.185,13.037,8.296,0.0,67.7,1
15.0,45.0,737.3777777777777,559.0,1049.0,10.667,11.259,9.333,9.926,12.148,8.889,8.0,10.963,9.185,9.63,0.0,68.0,1
15.0,45.0,722.2,450.0,992.0,12.444,10.37,12.0,8.741,9.481,10.519,10.667,5.481,10.963,9.333,0.0,67.56,1
15.0,45.0,770.6222222222223,540.0,1011.0,10.37,8.0,10.963,8.593,10.815,9.481,9.333,12.444,9.778,10.222,0.0,67.56,1
15.0,45.0,762.8222222222222,500.0,1112.0,9.778,10.37,9.778,10.074,9.333,10.519,9.481,9.778,10.074,10.815,0.0,67.7,1
15.0,45.0,717.0,473.0,922.0,11.556,9.778,10.963,9.63,13.481,10.222,8.889,8.889,6.667,9.926,0.0,68.0,1
15.0,45.0,789.7111111111111,528.0,1017.0,8.889,9.778,10.519,8.148,9.333,11.259,9.037,9.778,11.111,12.148,0.0,67.26,1
15.0,45.0,772.3333333333334,475.0,963.0,8.593,10.37,9.333,10.519,11.704,8.444,10.222,9.333,10.667,10.815,0.0,68.59,1
15.0,45.0,736.8666666666667,363.0,955.0,10.667,9.63,10.667,10.963,8.593,10.963,10.519,10.815,8.593,8.593,0.0,68.89,1
15.0,45.0,753.3333333333334,511.0,933.0,9.778,10.37,11.259,9.185,8.889,10.963,10.222,9.037,9.778,10.519,0.0,68.15,1
15.0,50.0,754.74,537.0,989.0,10.133,10.133,10.933,8.533,10.0,10.533,10.133,9.067,9.867,10.667,0.0,70.93,1
15.0,50.0,757.9,553.0,1018.0,8.0,10.933,11.067,9.867,9.333,12.8,8.8,10.0,10.933,8.267,0.0,71.07,1
15.0,50.0,739.94,429.0,969.0,10.267,11.067,8.533,12.133,10.533,10.8,8.533,9.467,9.067,9.6,0.0,70.93,1
15.0,50.0,742.92,458.0,1031.0,11.2,10.8,9.333,9.333,9.867,10.8,10.667,8.267,10.133,9.6,0.0,70.67,1
15.0,50.0,760.7,288.0,965.0,9.333,10.267,9.333,11.467,9.467,10.133,9.867,9.733,10.0,10.4,0.0,71.2,0
15.0,50.0,771.58,488.0,997.0,11.2,8.133,9.867,8.4,9.6,11.333,10.133,9.733,12.133,9.467,0.0,70.4,1
15.0,50.0,779.68,524.0,1029.0,9.333,9.2,10.667,8.667,9.733,10.533,10.533,9.067,10.4,11.867,0.0,70.8,1
15.0,50.0,776.28,467.0,1026.0,7.867,8.8,9.733,10.4,10.8,12.4,11.067,9.867,10.667,8.4,0.0,70.8,1
15.0,50.0,782.72,500.0,1029.0,8.0,10.8,8.933,9.867,11.067,10.8,9.067,7.867,11.6,12.0,0.0,71.2,1
15.0,50.0,747.02,447.0,963.0,13.067,10.8,9.867,8.133,7.6,8.8,9.067,9.733,12.8,10.133,0.0,71.73,1
15.0,55.0,757.290909090909,421.0,1017.0,10.667,9.576,9.697,9.333,10.303,10.545,9.455,10.667,9.333,10.424,0.0,73.58,1
15.0,55.0,763.1272727272727,471.0,985.0,9.091,10.182,10.545,9.576,11.03,9.091,9.576,10.667,9.939,10.303,0.0,73.33,1
15.0,55.0,782.6727272727272,463.0,1118.0,10.788,8.242,6.788,10.303,10.909,10.545,11.03,9.455,11.879,10.061,0.0,72.85,1
15.0,55.0,731.0,429.0,1009.0,11.394,10.182,11.515,9.455,8.242,10.182,8.97,11.273,11.03,7.758,0.0,73.45,1
15.0,55.0,741.2363636363636,515.0,984.0,9.576,10.061,11.515,8.97,10.424,11.758,10.303,11.152,8.121,8.121,0.0,72.97,1
15.0,55.0,733.5272727272727,453.0,997.0,10.909,9.576,10.061,10.424,10.909,11.152,11.394,7.152,9.576,8.848,0.0,73.7,1
15.0,55.0,773.2363636363636,546.0,1004.0,9.818,7.152,11.03,9.697,10.303,10.424,11.273,10.303,9.697,10.303,0.0,73.21,1
15.0,55.0,749.0909090909091,531.0,1009.0,8.606,9.212,13.455,10.909,10.424,8.727,8.848,10.667,10.788,8.364,0.0,73.21,1
15.0,55.0,736.8909090909091,475.0,1030.0,9.455,12.242,10.061,8.97,10.424,10.424,10.182,10.061,9.697,8.485,0.0,73.33,1
15.0,55.0,783.9272727272727,507.0,1034.0,10.667,9.212,8.242,9.939,9.212,9.939,9.455,10.909,10.545,11.879,0.0,73.45,1
15.0,60.0,771.1666666666666,480.0,1076.0,10.222,8.333,9.667,8.778,10.556,10.667,10.667,10.556,11.667,8.889,0.0,75.33,1
15.0,60.0,765.7,557.0,1011.0,9.333,8.889,10.889,9.667,10.667,9.556,10.778,12.333,9.556,8.333,0.0,75.56,1
15.0,60.0,757.65,546.0,974.0,9.778,9.778,9.556,10.444,10.889,10.889,8.889,9.556,10.778,9.444,0.0,75.56,1
15.0,60.0,765.15,581.0,972.0,9.778,11.667,7.889,9.556,11.111,8.778,10.111,11.0,8.889,11.222,0.0,75.56,0
15.0,60.0,770.6333333333333,537.0,1057.0,10.111,9.667,9.111,9.111,10.556,8.778,11.222,11.444,9.222,10.778,0.0,75.33,1
15.0,60.0,756.9,523.0,1078.0,9.0,9.667,10.667,9.333,11.333,9.333,11.778,11.111,9.778,8.0,0.0,75.33,1
15.0,60.0,755.1666666666666,514.0,1079.0,10.222,10.333,10.444,9.111,10.778,8.667,10.444,9.778,9.667,10.556,0.0,75.0,1
15.0,60.0,732.1333333333333,456.0,1043.0,12.0,8.667,10.333,10.111,11.111,10.333,10.667,9.333,9.222,8.222,0.0,75.33,1
15.0,60.0,769.5666666666667,486.0,957.0,10.333,8.333,10.444,8.222,9.222,12.222,10.556,10.444,10.556,9.667,0.0,75.22,0
15.0,60.0,747.3833333333333,510.0,966.0,9.556,10.556,8.778,11.222,10.667,10.778,10.222,10.778,6.889,10.556,0.0,75.44,0
15.0,65.0,759.8461538461538,510.0,974.0,10.462,8.821,11.077,9.128,8.615,10.564,12.103,9.744,9.436,10.051,0.0,77.74,1
15.0,65.0,729.5230769230769,402.0,999.0,10.462,12.615,9.436,11.179,8.308,10.462,10.051,8.821,9.333,9.333,0.0,77.33,1
15.0,65.0,751.5846153846154,484.0,1033.0,9.538,10.256,11.179,10.051,9.333,10.667,10.462,8.0,10.769,9.744,0.0,77.54,1
15.0,65.0,759.6461538461539,523.0,963.0,9.846,8.308,10.462,11.897,9.744,10.256,10.564,8.205,10.359,10.359,0.0,77.54,1
15.0,65.0,759.7538461538461,516.0,1012.0,9.846,10.462,10.872,9.538,9.538,8.821,10.564,9.128,10.154,11.077,0.0,77.33,1
15.0,65.0,737.2,456.0,1037.0,10.359,10.667,11.077,8.718,10.462,8.923,11.59,10.051,9.538,8.615,0.0,77.03,1
15.0,65.0,766.8615384615384,482.0,948.0,10.256,10.154,9.333,8.615,11.282,9.538,9.231,9.949,10.256,11.385,0.0,77.33,0
15.0,65.0,759.4615384615385,512.0,1029.0,10.154,10.974,9.641,9.641,9.231,9.333,10.256,9.744,9.949,11.077,0.0,77.54,1
15.0,65.0,769.3384615384615,534.0,1019.0,10.564,9.333,9.128,10.359,9.846,9.128,11.282,7.795,10.256,12.308,0.0,77.23,1
15.0,65.0,759.8,517.0,1005.0,10.564,8.615,9.436,11.59,10.154,9.026,9.949,10.051,10.769,9.846,0.0,77.33,1
15.0,70.0,745.9285714285714,547.0,1034.0,12.095,9.429,9.143,10.286,10.762,8.667,9.81,10.381,7.524,11.905,0.0,78.67,1
15.0,70.0,762.9714285714285,567.0,1025.0,10.571,9.905,9.524,8.667,10.381,9.714,11.238,9.81,10.667,9.524,0.0,79.05,1
15.0,70.0,779.6571428571428,566.0,979.0,8.381,8.381,9.905,10.0,10.952,12.286,9.333,11.143,9.81,9.81,0.0,78.76,1
15.0,70.0,752.6285714285714,528.0,1029.0,11.714,8.286,10.286,9.048,9.714,11.238,10.19,9.714,10.762,9.048,0.0,78.67,0
15.0,70.0,758.4142857142857,541.0,1083.0,9.143,10.476,11.524,9.143,9.333,10.286,10.095,9.714,10.381,9.905,0.0,78.76,0
15.0,70.0,765.7142857142857,497.0,1064.0,9.524,11.143,10.476,8.381,9.238,9.619,9.143,11.238,11.619,9.619,0.0,78.67,1
15.0,70.0,751.0,492.0,986.0,10.19,10.952,8.571,12.286,8.762,9.238,10.095,10.857,8.667,10.381,0.0,78.67,1
15.0,70.0,777.4142857142857,494.0,968.0,9.333,9.524,10.952,8.571,8.286,10.952,10.762,11.524,9.143,10.952,0.0,78.76,1
15.0,70.0,756.9571428571429,432.0,1076.0,10.286,11.143,9.238,8.857,8.667,11.81,9.905,9.524,10.476,10.095,0.0,78.67,1
15.0,70.0,760.4285714285714,516.0,966.0,11.619,8.762,8.381,9.905,10.667,11.238,9.238,9.143,10.762,10.286,0.0,78.67,1
15.0,75.0,767.08,531.0,1007.0,9.689,10.4,10.667,9.067,8.978,10.222,9.689,10.222,10.222,10.844,0.0,80.09,1
15.0,75.0,757.9466666666667,480.0,1062.0,10.756,10.933,8.533,10.044,10.844,9.067,9.6,8.978,9.511,11.733,0.0,80.0,1
15.0,75.0,750.7066666666667,467.0,1058.0,10.133,11.378,8.533,10.133,9.689,10.4,10.311,10.4,9.867,9.156,0.0,80.0,1
15.0,75.0,738.6533333333333,535.0,977.0,10.044,11.2,9.689,10.667,10.044,10.311,10.844,8.978,8.711,9.511,0.0,80.18,0
15.0,75.0,760.6533333333333,506.0,1078.0,10.311,9.156,9.956,10.756,9.067,10.933,10.667,8.356,9.867,10.933,0.0,80.09,1
15.0,75.0,748.8266666666667,418.0,1013.0,9.778,9.956,10.489,9.867,11.111,10.222,9.6,10.133,10.044,8.8,0.0,80.09,1
15.0,75.0,752.7866666666666,535.0,1033.0,10.044,10.489,10.311,10.489,9.956,8.444,10.933,8.711,10.489,10.133,0.0,80.0,1
15.0,75.0,759.8,539.0,983.0,8.8,9.867,11.289,10.311,9.244,10.311,10.489,9.156,10.4,10.133,0.0,80.27,1
15.0,75.0,763.16,491.0,1108.0,10.933,9.867,9.867,8.267,9.6,9.956,10.667,10.4,10.578,9.867,0.0,80.0,1
15.0,75.0,760.5866666666667,529.0,1025.0,10.667,9.333,10.756,9.244,10.222,9.956,9.244,10.311,9.422,10.844,0.0,80.09,1
15.0,80.0,746.2625,491.0,960.0,8.667,10.167,12.417,10.333,10.083,10.75,9.917,8.667,9.333,9.667,0.0,81.5,1
15.0,80.0,740.0125,483.0,1000.0,10.833,11.5,8.417,11.917,8.5,10.667,9.333,10.083,9.083,9.667,0.0,81.33,1
15.0,80.0,736.25,485.0,958.0,10.667,11.083,10.833,9.917,9.583,10.333,8.417,9.25,9.0,10.917,0.0,81.33,1
15.0,80.0,756.7375,377.0,1056.0,10.417,9.833,10.333,10.25,9.167,9.5,9.667,10.75,9.583,10.5,0.0,81.33,1
15.0,80.0,745.9375,443.0,1033.0,12.083,9.083,9.917,9.333,9.833,10.0,11.0,9.917,9.917,8.917,0.0,81.33,1
15.0,80.0,755.4625,506.0,1079.0,9.583,10.5,9.667,11.083,10.333,8.917,9.167,10.25,10.583,9.917,0.0,81.25,1
15.0,80.0,763.5625,504.0,1045.0,9.5,9.667,10.667,10.0,9.417,10.083,11.083,8.833,10.75,10.0,0.0,81.25,1
15.0,80.0,758.025,440.0,1040.0,9.75,9.333,10.583,9.417,10.167,11.417,9.583,10.083,9.5,10.167,0.0,81.33,1
15.0,80.0,766.1,518.0,1040.0,9.833,11.417,10.083,7.917,9.417,10.333,9.667,9.583,11.083,10.667,0.0,81.25,1
15.0,80.0,749.2,541.0,946.0,9.417,11.25,10.0,11.083,8.917,9.75,10.667,9.833,9.75,9.333,0.0,81.25,1
15.0,85.0,747.6588235294117,430.0,976.0,9.725,10.824,10.353,10.667,9.882,10.745,8.627,8.627,10.588,9.961,0.0,82.43,1
15.0,85.0,749.1176470588235,494.0,1046.0,10.98,9.804,10.902,10.275,8.471,10.196,8.941,10.196,9.882,10.353,0.0,82.35,1
15.0,85.0,752.2470588235294,507.0,992.0,9.569,10.039,10.431,9.882,11.686,9.804,10.275,8.941,9.725,9.647,0.0,82.35,1
15.0,85.0,755.3411764705883,502.0,1010.0,9.882,10.118,10.51,10.196,9.098,10.039,10.039,10.745,9.882,9.49,0.0,82.59,1
15.0,85.0,777.7294117647059,405.0,1033.0,8.627,8.078,11.529,9.647,10.196,10.902,9.882,10.588,10.667,9.882,0.0,82.35,1
15.0,85.0,739.2,447.0,1022.0,11.451,10.275,9.882,11.451,9.255,10.196,7.451,9.961,10.667,9.412,0.0,82.43,1
15.0,85.0,752.0470588235294,429.0,1018.0,9.804,9.49,10.039,10.039,10.667,12.471,9.412,8.863,9.49,9.725,0.0,82.35,1
15.0,85.0,768.1764705882352,469.0,1031.0,8.392,9.647,10.196,10.118,11.137,9.725,10.588,11.216,9.569,9.412,0.0,82.43,1
15.0,85.0,758.364705882353,481.0,995.0,10.745,10.118,9.02,9.176,10.118,9.176,11.608,10.98,9.333,9.725,0.0,82.43,1
15.0,85.0,772.4117647058823,475.0,1003.0,9.02,9.02,10.588,10.431,10.196,9.569,9.49,9.882,12.235,9.569,0.0,82.35,1
15.0,90.0,756.0,512.0,1048.0,8.741,10.296,10.815,10.37,10.593,10.37,9.259,9.481,10.519,9.556,0.0,83.33,0
15.0,90.0,769.4333333333333,539.0,1049.0,10.0,8.667,9.111,9.852,10.963,11.852,9.852,9.111,10.815,9.778,0.0,83.33,1
15.0,90.0,753.7777777777778,518.0,1051.0,11.259,10.296,9.704,9.556,8.963,9.926,8.889,10.667,10.667,10.074,0.0,83.33,1
15.0,90.0,771.9,483.0,1077.0,10.0,8.222,9.852,11.407,9.333,9.852,9.407,10.37,11.556,10.0,0.0,83.33,1
15.0,90.0,769.3444444444444,404.0,1020.0,8.741,9.63,9.778,11.333,10.519,9.037,9.704,11.037,9.63,10.593,0.0,83.33,1
15.0,90.0,761.1111111111111,534.0,1037.0,10.074,9.037,9.778,10.963,9.926,9.185,10.37,11.556,10.444,8.667,0.0,83.33,1
15.0,90.0,767.5888888888888,495.0,1122.0,10.741,9.259,9.037,10.074,9.259,10.296,10.444,10.519,9.407,10.963,0.0,83.48,1
15.0,90.0,749.4888888888889,524.0,1015.0,10.741,10.222,9.481,10.667,10.444,10.0,8.222,9.481,10.667,10.074,0.0,83.33,1
15.0,90.0,763.0444444444445,530.0,986.0,9.481,10.37,9.333,9.481,9.704,10.889,10.815,9.852,11.037,9.037,0.0,83.33,1
15.0,90.0,767.5333333333333,474.0,1067.0,10.074,9.333,9.778,10.296,8.741,9.407,10.741,11.481,10.148,10.0,0.0,83.33,1
15.0,95.0,752.8631578947368,505.0,1034.0,9.193,10.456,10.596,9.895,9.053,10.105,12.632,10.596,8.491,8.982,0.0,84.21,1
15.0,95.0,768.2421052631579,489.0,1029.0,8.14,9.404,10.737,10.035,11.158,10.386,10.526,10.246,9.404,9.965,0.0,84.21,1
15.0,95.0,758.2947368421053,476.0,1093.0,10.596,9.965,9.825,9.825,10.035,9.544,9.123,9.895,11.088,10.105,0.0,84.28,1
15.0,95.0,751.1473684210526,509.0,1038.0,9.684,10.456,9.895,10.737,9.825,9.825,10.526,8.842,10.807,9.404,0.0,84.21,0
15.0,95.0,737.4105263157895,472.0,985.0,10.316,9.614,10.386,10.596,11.509,9.965,10.316,10.035,8.982,8.281,0.0,84.21,1
15.0,95.0,771.1789473684211,453.0,1018.0,8.421,10.596,10.175,9.614,9.544,9.965,10.526,11.158,10.316,9.684,0.0,84.21,1
15.0,95.0,759.6,502.0,992.0,9.684,10.175,10.737,8.912,10.105,10.105,9.895,10.175,10.596,9.614,0.0,84.21,1
15.0,95.0,763.2526315789473,438.0,1070.0,9.263,9.474,9.404,10.877,11.439,9.965,10.456,8.561,10.456,10.105,0.0,84.21,1
15.0,95.0,761.3473684210526,545.0,1054.0,11.158,9.333,8.982,9.614,10.596,10.386,8.702,10.386,9.825,11.018,0.0,84.28,1
15.0,95.0,751.8315789473684,472.0,992.0,10.667,9.263,9.684,10.386,10.105,11.439,9.614,8.772,10.246,9.825,0.0,84.21,1
15.0,100.0,764.25,450.0,985.0,10.533,9.267,9.133,10.533,10.2,9.533,8.6,12.067,9.733,10.4,0.0,85.0,1
15.0,100.0,741.5,434.0,1051.0,11.4,8.867,10.067,11.067,10.667,10.267,9.867,8.867,9.467,9.467,0.0,85.0,1
15.0,100.0,757.55,515.0,1024.0,10.4,8.733,10.6,10.267,11.067,8.933,9.667,9.933,10.267,10.133,0.0,85.2,0
15.0,100.0,747.7,532.0,975.0,9.8,10.867,10.267,10.8,9.533,9.8,10.4,9.0,9.4,10.133,0.0,85.0,1
15.0,100.0,750.03,410.0,1001.0,9.933,11.133,9.4,10.333,9.8,10.067,10.333,9.467,9.133,10.4,0.0,85.0,1
15.0,100.0,738.33,399.0,1000.0,10.667,11.467,11.133,8.733,9.133,9.133,10.333,9.933,11.267,8.2,0.0,85.0,1
15.0,100.0,751.56,524.0,1039.0,9.533,10.067,10.267,11.2,9.2,11.467,9.2,10.333,8.933,9.8,0.0,85.0,1
15.0,100.0,740.77,481.0,1008.0,10.533,10.6,10.333,9.8,10.667,9.4,10.4,8.667,10.133,9.467,0.0,85.0,1
15.0,100.0,763.75,470.0,960.0,10.467,9.667,9.8,10.4,10.733,8.6,8.0,10.533,10.6,11.2,0.0,85.0,1
15.0,100.0,763.82,510.0,1081.0,10.467,9.467,10.333,8.933,9.6,10.667,9.8,9.067,10.067,11.6,0.0,85.07,1
20.0,10.0,1006.4,844.0,1215.0,5.5,9.5,10.5,15.0,13.5,9.5,11.5,8.0,7.5,9.5,0.0,22.0,0
20.0,10.0,999.9,721.0,1322.0,10.0,12.5,12.0,7.0,9.0,8.0,10.0,9.0,10.0,12.5,0.0,18.0,0
20.0,10.0,996.1,840.0,1131.0,14.0,7.5,8.5,9.0,11.0,7.5,12.5,11.5,9.5,9.0,0.0,15.5,0
20.0,10.0,1001.4,867.0,1137.0,5.5,14.5,12.5,12.5,9.5,6.0,8.0,9.0,15.0,7.5,0.0,20.0,0
20.0,10.0,956.7,738.0,1096.0,10.5,10.0,11.0,10.5,12.5,10.5,10.5,8.0,9.5,7.0,0.0,19.0,0
20.0,10.0,1025.2,754.0,1174.0,7.0,11.5,9.0,12.0,10.5,10.5,9.0,12.0,11.5,7.0,0.0,20.5,0
20.0,10.0,962.4,812.0,1197.0,10.5,10.5,8.5,13.0,11.5,10.5,12.5,7.0,8.0,8.0,0.0,20.0,0
20.0,10.0,1023.7,682.0,1300.0,10.0,11.0,7.5,7.0,12.0,9.0,13.0,15.0,9.0,6.5,0.0,18.0,0
20.0,10.0,1033.0,720.0,1319.0,7.0,8.5,12.5,6.0,16.0,12.5,9.5,7.5,8.0,12.5,0.0,19.5,0
20.0,10.0,983.8,781.0,1069.0,8.5,6.5,15.0,13.0,11.5,9.5,11.5,9.0,8.5,7.0,0.0,20.5,0
20.0,15.0,970.4666666666667,774.0,1304.0,10.667,11.667,10.667,7.667,11.0,11.0,11.0,9.667,8.0,8.667,0.0,30.67,0
20.0,15.0,963.4,750.0,1189.0,10.667,11.333,9.333,11.0,11.667,11.333,8.667,9.333,9.667,7.0,0.0,27.67,0
20.0,15.0,983.0666666666667,687.0,1177.0,8.333,11.0,10.333,12.667,9.0,11.333,10.667,11.333,8.0,7.333,0.0,32.33,0
20.0,15.0,976.9333333333333,796.0,1273.0,8.333,11.0,13.0,10.333,11.667,10.0,7.0,9.667,12.0,7.0,0.0,30.67,0
20.0,15.0,1017.6,698.0,1168.0,10.667,10.667,8.667,10.0,8.333,8.667,12.0,10.0,11.0,10.0,0.0,30.0,0
20.0,15.0,1047.2666666666667,846.0,1206.0,10.333,10.667,6.667,10.0,9.0,10.333,9.333,9.667,13.667,10.333,0.0,28.0,0
20.0,15.0,999.3333333333334,875.0,1186.0,10.333,10.667,12.333,8.333,6.333,11.0,10.667,11.0,10.667,8.667,0.0,29.0,0
20.0,15.0,1034.6666666666667,781.0,1301.0,10.333,11.667,7.333,7.0,11.667,10.333,10.0,9.0,10.667,12.0,0.0,29.67,0
20.0,15.0,1036.4666666666667,748.0,1433.0,8.333,11.333,10.667,11.0,8.0,9.667,8.667,8.0,12.0,12.333,0.0,27.67,0
20.0,15.0,1030.6,828.0,1227.0,10.333,9.667,7.667,11.0,8.667,10.667,8.333,12.0,13.333,8.333,0.0,26.33,0
20.0,20.0,1049.85,854.0,1272.0,10.0,10.25,8.25,8.75,9.25,6.75,13.5,11.5,11.5,10.25,0.0,37.25,0
20.0,20.0,1005.0,825.0,1308.0,7.75,10.5,13.0,9.5,10.25,11.75,7.0,10.0,10.25,10.0,0.0,37.0,0
20.0,20.0,1013.45,711.0,1186.0,9.5,10.5,10.75,8.75,8.25,10.75,13.75,9.0,9.5,9.25,0.0,35.25,1
20.0,20.0,1014.15,875.0,1185.0,12.0,11.25,8.5,7.75,7.0,10.5,11.5,10.75,10.5,10.25,0.0,37.5,0
20.0,20.0,1025.05,666.0,1283.0,11.75,10.25,7.0,8.0,9.0,11.25,11.75,9.25,11.75,10.0,0.0,35.75,0
20.0,20.0,936.9,733.0,1241.0,11.75,13.75,8.75,10.75,8.25,12.25,9.5,9.75,7.0,8.25,0.0,37.5,0
20.0,20.0,1048.15,842.0,1251.0,7.75,8.5,11.25,9.5,9.0,13.5,9.75,10.5,9.5,10.75,0.0,36.5,0
20.0,20.0,967.6,776.0,1167.0,10.25,11.0,8.5,11.5,14.5,10.25,10.25,6.25,7.0,10.5,0.0,37.25,0
20.0,20.0,1001.25,826.0,1183.0,10.0,10.25,13.0,8.75,10.75,7.75,10.25,7.0,10.25,12.0,0.0,36.75,0
20.0,20.0,978.4,820.0,1195.0,7.25,12.75,10.75,10.25,10.5,12.25,9.5,10.75,8.5,7.5,0.0,35.75,0
20.0,25.0,1024.72,868.0,1252.0,8.0,11.4,9.4,10.6,8.6,13.0,9.6,9.2,8.4,11.8,0.0,39.8,0
20.0,25.0,1010.28,815.0,1302.0,9.4,11.6,10.6,10.8,9.2,7.4,8.4,11.6,9.4,11.6,0.0,42.0,0
20.0,25.0,986.48,738.0,1264.0,9.2,11.8,9.4,10.8,10.4,11.6,10.0,8.4,9.4,9.0,0.0,42.4,0
20.0,25.0,1013.84,748.0,1194.0,11.2,9.4,10.4,8.2,11.6,10.8,7.8,9.0,8.6,13.0,0.0,44.2,1
20.0,25.0,994.84,743.0,1175.0,8.0,9.6,13.0,10.0,12.8,8.2,11.2,9.2,9.6,8.4,0.0,44.2,1
20.0,25.0,983.08,721.0,1268.0,10.6,10.0,10.2,10.6,12.8,9.2,9.0,9.0,8.4,10.2,0.0,40.8,1
20.0,25.0,1014.84,710.0,1265.0,9.6,10.8,8.6,10.6,11.4,7.2,10.8,11.2,10.4,9.4,0.0,43.2,0
20.0,25.0,1005.12,723.0,1284.0,9.8,10.4,10.8,10.6,8.8,11.2,8.2,9.4,10.2,10.6,0.0,42.2,1
20.0,25.0,1034.0,776.0,1246.0,9.6,7.6,11.0,10.8,11.2,9.6,10.2,7.6,10.8,11.6,0.0,44.2,0
20.0,25.0,1003.96,756.0,1272.0,8.4,11.2,11.2,8.6,10.8,11.0,11.2,8.6,9.0,10.0,0.0,42.8,0
20.0,30.0,1031.8,826.0,1299.0,9.333,9.667,10.5,9.5,8.167,11.167,9.833,10.0,10.5,11.333,0.0,46.67,1
20.0,30.0,1014.5666666666667,717.0,1289.0,11.667,9.0,8.333,9.333,10.333,11.667,8.833,11.5,9.167,10.167,0.0,47.33,0
20.0,30.0,1022.8666666666667,817.0,1338.0,11.0,8.5,10.833,8.833,8.167,11.0,10.833,9.667,10.833,10.333,0.0,46.0,1
20.0,30.0,1002.7666666666667,810.0,1328.0,9.0,11.167,11.167,10.167,12.0,7.667,9.167,7.833,9.667,12.167,0.0,48.17,1
20.0,30.0,1029.3,694.0,1227.0,9.667,8.167,12.0,8.167,10.333,10.5,8.833,11.5,10.0,10.833,0.0,47.5,0
20.0,30.0,962.0333333333333,592.0,1206.0,8.5,11.167,13.167,12.667,9.833,9.5,8.167,9.333,9.0,8.667,0.0,47.5,1
20.0,30.0,1021.6666666666666,710.0,1218.0,10.833,9.833,8.167,9.5,8.333,11.167,11.833,10.0,10.167,10.167,0.0,46.5,1
20.0,30.0,954.0,728.0,1202.0,12.333,9.667,10.5,11.833,10.167,10.667,9.0,9.0,8.5,8.333,0.0,47.67,0
20.0,30.0,989.3,779.0,1276.0,11.5,10.167,8.167,10.667,12.0,8.5,10.167,9.833,10.667,8.333,0.0,47.83,1
20.0,30.0,1026.3333333333333,821.0,1207.0,8.167,11.0,10.333,10.167,8.667,11.333,10.667,8.167,11.5,10.0,0.0,47.67,0
20.0,35.0,993.0,692.0,1266.0,11.0,10.857,8.429,10.0,11.857,9.857,8.714,9.286,10.429,9.571,0.0,52.0,1
20.0,35.0,1028.3142857142857,766.0,1243.0,8.714,7.429,10.143,12.143,11.571,10.0,10.857,10.0,10.0,9.143,0.0,52.57,0
20.0,35.0,986.3142857142857,804.0,1289.0,12.143,11.286,10.143,8.286,9.0,7.857,11.571,9.286,11.143,9.286,0.0,52.14,1
20.0,35.0,971.8,735.0,1245.0,10.714,9.714,12.143,10.714,9.857,11.429,8.0,9.571,8.714,9.143,0.0,52.29,1
20.0,35.0,1005.8571428571429,770.0,1275.0,9.286,9.429,10.857,11.286,9.286,9.571,12.857,9.143,9.0,9.286,0.0,50.29,1
20.0,35.0,1016.8,758.0,1361.0,10.429,11.0,9.714,9.714,9.857,8.429,8.286,8.286,13.286,11.0,0.0,52.57,1
20.0,35.0,1023.4285714285714,621.0,1338.0,9.857,11.571,10.857,7.286,9.571,8.571,10.143,9.286,10.857,12.0,0.0,52.14,1
20.0,35.0,1010.7142857142857,867.0,1310.0,10.143,11.0,9.0,10.0,8.857,9.857,11.429,9.714,8.0,12.0,0.0,53.57,1
20.0,35.0,967.1142857142858,745.0,1289.0,12.143,10.286,11.714,9.143,9.857,8.857,10.143,9.143,10.143,8.571,0.0,52.29,1
20.0,35.0,1027.8285714285714,735.0,1324.0,8.857,9.429,11.0,9.143,10.286,10.0,10.429,10.286,10.286,10.286,0.0,52.0,1
20.0,40.0,1000.425,759.0,1252.0,10.0,11.125,9.125,10.5,9.875,9.625,9.875,10.75,9.375,9.75,0.0,55.12,1
20.0,40.0,1024.075,817.0,1351.0,9.125,9.5,10.875,7.75,11.75,8.75,13.0,11.25,8.375,9.625,0.0,55.88,1
20.0,40.0,1032.5,780.0,1271.0,7.375,10.375,10.875,10.25,10.875,8.5,11.0,9.375,10.75,10.625,0.0,56.88,1
20.0,40.0,1026.6,792.0,1324.0,8.75,10.75,9.75,10.875,8.75,11.0,8.5,9.75,9.75,12.125,0.0,55.75,0
20.0,40.0,998.825,795.0,1288.0,10.25,10.375,9.75,10.125,9.625,10.875,10.375,9.875,10.0,8.75,0.0,56.62,1
20.0,40.0,1030.325,755.0,1278.0,9.375,9.5,10.375,9.375,8.625,10.625,10.75,9.875,9.375,12.125,0.0,56.0,1
20.0,40.0,1028.225,761.0,1331.0,7.875,9.75,8.875,12.25,11.125,10.125,9.5,11.125,9.375,10.0,0.0,56.75,1
20.0,40.0,975.675,729.0,1237.0,10.375,11.375,10.75,10.0,9.5,10.375,9.75,10.625,8.375,8.875,0.0,57.5,0
20.0,40.0,1013.65,698.0,1329.0,10.75,10.375,10.25,8.875,10.375,8.25,9.5,9.25,10.375,12.0,0.0,57.0,1
20.0,40.0,1010.975,628.0,1333.0,10.625,8.875,10.125,9.75,11.5,8.625,10.5,9.375,11.375,9.25,0.0,57.12,0
20.0,45.0,1000.6666666666666,677.0,1290.0,9.556,8.556,12.778,11.0,8.111,10.778,9.889,10.222,10.0,9.111,0.0,60.0,1
20.0,45.0,995.6888888888889,758.0,1277.0,9.778,10.556,10.0,9.667,11.0,10.667,11.222,7.667,9.333,10.111,0.0,60.22,1
20.0,45.0,1001.1111111111111,718.0,1360.0,10.556,9.556,12.0,8.111,8.889,10.333,10.556,11.556,8.889,9.556,0.0,59.56,1
20.0,45.0,989.3555555555556,680.0,1308.0,10.556,10.333,9.111,10.556,11.444,9.444,10.111,10.444,9.556,8.444,0.0,60.11,0
20.0,45.0,1000.0,757.0,1270.0,10.778,10.111,10.444,10.556,9.111,10.333,8.0,9.444,10.333,10.889,0.0,59.33,0
20.0,45.0,1024.4888888888888,790.0,1323.0,9.667,9.667,8.556,9.333,10.333,10.222,12.111,11.444,9.333,9.333,0.0,59.11,1
20.0,45.0,972.8666666666667,727.0,1259.0,9.444,12.0,12.333,10.111,10.0,9.333,8.889,9.333,9.111,9.444,0.0,59.44,1
20.0,45.0,998.0666666666667,762.0,1257.0,10.222,9.778,11.0,9.667,10.778,9.667,9.667,9.778,9.889,9.556,0.0,58.89,1
20.0,45.0,1012.5777777777778,783.0,1280.0,9.111,12.444,9.222,11.0,9.0,9.222,8.444,9.111,10.556,11.889,0.0,59.89,1
20.0,45.0,969.8,713.0,1196.0,12.0,10.778,9.0,9.889,10.222,10.889,10.667,8.556,9.333,8.667,0.0,61.11,1
20.0,50.0,1007.4,671.0,1277.0,9.6,9.7,10.5,10.0,9.8,9.7,11.2,10.8,10.3,8.4,0.0,63.3,1
20.0,50.0,990.54,792.0,1343.0,11.5,11.0,10.2,7.9,9.7,10.2,10.2,8.9,11.2,9.2,0.0,61.9,0
20.0,50.0,991.08,644.0,1305.0,10.6,9.7,11.4,10.9,9.4,9.4,10.0,9.0,8.9,10.7,0.0,63.8,1
20.0,50.0,1016.62,677.0,1340.0,9.1,8.7,10.4,9.9,11.0,10.2,12.3,9.4,9.9,9.1,0.0,62.8,0
20.0,50.0,1044.28,761.0,1294.0,8.9,8.4,10.3,9.1,10.7,10.7,10.4,10.3,10.5,10.7,0.0,63.1,1
20.0,50.0,1009.76,736.0,1321.0,8.3,10.2,11.3,11.1,10.6,9.0,9.6,10.0,11.1,8.8,0.0,62.7,1
20.0,50.0,1032.22,769.0,1352.0,10.5,9.9,8.7,10.0,8.4,9.9,10.8,9.5,10.5,11.8,0.0,63.6,1
20.0,50.0,962.2,688.0,1390.0,11.2,10.5,10.5,11.1,10.7,10.7,9.0,8.8,8.5,9.0,0.0,62.9,0
20.0,50.0,1031.0,721.0,1306.0,9.9,10.2,8.6,9.6,9.9,10.5,9.8,9.3,10.9,11.3,0.0,63.3,1
20.0,50.0,982.34,687.0,1240.0,11.3,10.2,11.4,8.7,11.1,8.6,9.1,9.7,9.9,10.0,0.0,62.8,1
20.0,55.0,977.6181818181818,727.0,1271.0,9.364,10.727,10.909,10.909,10.727,9.818,10.364,9.091,10.545,7.545,0.0,65.82,1
20.0,55.0,998.8,786.0,1181.0,10.0,9.545,9.455,9.727,12.636,10.0,11.182,9.818,8.909,8.727,0.0,66.27,1
20.0,55.0,1001.4727272727273,755.0,1258.0,10.818,9.909,9.909,10.727,9.818,8.818,9.455,10.455,10.364,9.727,0.0,66.27,1
20.0,55.0,1012.1818181818181,640.0,1296.0,10.091,9.727,8.909,9.182,11.636,10.455,9.455,12.273,9.273,9.0,0.0,66.73,1
20.0,55.0,1029.6,819.0,1300.0,8.182,9.545,10.182,10.273,9.273,11.455,11.182,11.091,9.636,9.182,0.0,66.27,1
20.0,55.0,1006.1090909090909,794.0,1319.0,9.091,10.636,9.545,11.818,11.091,9.091,9.364,9.545,9.909,9.909,0.0,64.91,1
20.0,55.0,1024.6181818181817,828.0,1321.0,8.818,8.455,9.636,11.727,11.818,9.636,10.636,9.545,9.545,10.182,0.0,66.0,1
20.0,55.0,997.2181818181818,772.0,1224.0,9.636,11.545,9.909,9.455,9.818,11.364,10.273,8.818,9.364,9.818,0.0,65.73,1
20.0,55.0,989.0363636363636,601.0,1446.0,10.455,9.455,11.727,9.818,9.818,9.545,11.0,9.909,9.545,8.727,0.0,65.91,1
20.0,55.0,1013.0545454545454,606.0,1263.0,10.455,9.364,10.818,9.545,9.909,9.182,10.727,8.545,10.727,10.727,0.0,65.27,1
20.0,60.0,1019.6,762.0,1231.0,9.667,9.417,10.917,8.833,9.5,10.0,10.417,12.5,9.75,9.0,0.0,68.0,1
20.0,60.0,1001.8333333333334,565.0,1323.0,10.5,9.917,10.167,9.833,10.083,10.333,9.25,8.75,12.25,8.917,0.0,68.0,1
20.0,60.0,1024.7833333333333,719.0,1399.0,9.5,9.0,10.917,8.917,10.333,10.75,10.167,9.833,11.0,9.583,0.0,68.33,1
20.0,60.0,1015.7166666666667,639.0,1212.0,9.833,10.083,11.333,9.417,9.083,9.417,9.583,9.917,10.0,11.333,0.0,68.42,1
20.0,60.0,1025.3166666666666,793.0,1463.0,11.083,9.917,7.917,9.167,10.333,8.583,12.333,10.25,9.917,10.5,0.0,68.58,1
20.0,60.0,1007.4666666666667,721.0,1330.0,10.0,9.083,10.0,10.833,10.25,10.333,9.667,11.417,9.333,9.083,0.0,67.92,0
20.0,60.0,1015.8333333333334,758.0,1273.0,9.5,10.75,8.917,9.833,10.417,10.5,10.25,9.667,9.833,10.333,0.0,67.83,1
20.0,60.0,1019.1166666666667,739.0,1251.0,10.667,9.5,9.083,10.0,10.0,9.833,10.167,9.917,9.917,10.917,0.0,68.33,1
20.0,60.0,1002.8,705.0,1304.0,10.417,11.333,9.167,10.583,8.333,9.667,11.0,9.167,9.833,10.5,0.0,67.75,1
20.0,60.0,1013.5833333333334,644.0,1242.0,9.667,9.75,9.75,9.75,10.5,10.167,10.583,10.0,11.167,8.667,0.0,68.0,1
20.0,65.0,1017.6307692307693,713.0,1348.0,10.077,8.692,9.692,11.538,9.769,9.846,10.0,10.923,9.692,9.769,0.0,70.46,1
20.0,65.0,1042.6,646.0,1417.0,10.231,9.308,8.615,9.538,9.385,10.769,9.538,10.231,11.308,11.077,0.0,70.54,1
20.0,65.0,1009.4461538461538,760.0,1341.0,9.385,10.154,11.923,9.923,8.769,8.923,10.385,10.231,10.077,10.231,0.0,70.23,1
20.0,65.0,1025.8461538461538,713.0,1320.0,8.846,10.308,9.154,9.846,11.0,10.308,9.846,10.692,11.231,8.769,0.0,70.62,1
20.0,65.0,995.3538461538461,616.0,1268.0,8.846,11.923,10.846,9.615,9.615,10.615,9.077,10.462,10.308,8.692,0.0,70.23,1
20.0,65.0,1007.276923076923,763.0,1281.0,9.308,10.769,9.923,9.231,12.154,9.615,9.538,9.846,9.538,10.077,0.0,70.0,1
20.0,65.0,1003.123076923077,668.0,1360.0,10.154,10.538,9.0,9.154,10.846,10.692,10.385,11.231,10.462,7.538,0.0,70.23,1
20.0,65.0,1032.876923076923,680.0,1311.0,9.846,10.0,8.154,8.923,11.231,10.0,10.615,10.846,9.231,11.154,0.0,70.0,1
20.0,65.0,1045.2615384615385,754.0,1290.0,10.385,8.154,9.308,9.154,8.615,11.308,10.923,10.308,11.769,10.077,0.0,70.69,1
20.0,65.0,1022.6461538461539,783.0,1326.0,10.154,10.308,10.077,8.385,9.692,9.231,10.692,10.846,9.846,10.769,0.0,69.85,1
20.0,70.0,1013.8285714285714,783.0,1224.0,9.714,10.714,10.571,8.286,11.0,9.571,10.071,9.429,9.143,11.5,0.0,72.43,1
20.0,70.0,1002.0285714285715,719.0,1255.0,10.357,10.357,9.857,10.429,10.071,10.071,8.571,9.0,12.214,9.071,0.0,71.79,1
20.0,70.0,1016.4714285714285,614.0,1298.0,9.286,10.5,10.643,10.0,8.714,10.643,9.857,9.5,11.214,9.643,0.0,72.29,0
20.0,70.0,1025.6142857142856,647.0,1414.0,10.357,9.714,9.429,10.643,9.143,9.214,9.857,9.714,11.357,10.571,0.0,72.43,1
20.0,70.0,1021.7857142857143,726.0,1329.0,10.214,9.786,9.429,9.929,9.929,10.5,9.357,9.071,10.929,10.857,0.0,72.21,0
20.0,70.0,1016.7857142857143,798.0,1310.0,9.429,9.5,9.714,10.143,10.429,11.286,10.214,10.143,10.286,8.857,0.0,72.29,1
20.0,70.0,1025.442857142857,665.0,1323.0,8.714,10.071,11.286,9.643,9.857,9.5,9.857,10.286,10.643,10.143,0.0,72.29,1
20.0,70.0,991.1142857142858,651.0,1235.0,11.786,9.643,9.357,9.714,10.643,9.071,10.857,10.5,9.071,9.357,0.0,72.07,1
20.0,70.0,1018.6,611.0,1422.0,10.214,9.357,11.286,9.143,10.286,8.286,9.0,10.0,12.643,9.786,0.0,72.14,1
20.0,70.0,1007.7428571428571,646.0,1383.0,9.857,10.714,10.0,10.143,8.5,10.071,11.714,8.357,10.429,10.214,0.0,71.93,1
20.0,75.0,998.0933333333334,686.0,1290.0,9.867,9.667,11.333,10.067,11.533,8.867,9.467,9.667,9.467,10.067,0.0,73.67,1
20.0,75.0,1028.4666666666667,726.0,1334.0,8.933,9.4,9.667,11.2,9.067,10.533,9.867,11.467,9.533,10.333,0.0,73.87,1
20.0,75.0,1015.68,755.0,1255.0,9.333,10.6,9.867,9.267,9.933,11.333,10.2,9.333,10.067,10.067,0.0,74.0,0
20.0,75.0,1000.8933333333333,718.0,1247.0,10.933,9.133,10.667,9.2,10.6,9.467,10.933,10.133,9.2,9.733,0.0,73.93,1
20.0,75.0,1027.2933333333333,585.0,1433.0,10.067,10.8,9.4,8.067,9.667,9.6,10.267,10.867,11.533,9.733,0.0,73.8,0
20.0,75.0,979.3066666666666,715.0,1269.0,11.2,9.0,11.4,11.333,9.933,9.733,9.667,8.8,9.4,9.533,0.0,73.73,1
20.0,75.0,1007.32,709.0,1338.0,8.8,10.533,11.667,8.8,10.667,10.8,9.0,9.733,10.867,9.133,0.0,73.73,1
20.0,75.0,1014.32,734.0,1264.0,8.867,11.267,8.867,10.667,9.267,10.733,10.4,10.933,9.533,9.467,0.0,74.07,1
20.0,75.0,1002.0266666666666,752.0,1326.0,9.467,10.333,11.333,9.467,10.2,11.133,8.2,10.467,10.133,9.267,0.0,74.0,1
20.0,75.0,1003.0533333333333,732.0,1343.0,10.267,10.4,10.2,9.867,10.267,8.333,10.2,10.933,10.267,9.267,0.0,73.73,1
20.0,80.0,1001.3875,707.0,1268.0,10.812,9.812,11.188,10.312,9.438,8.375,9.375,9.375,10.625,10.688,0.0,75.38,1
20.0,80.0,1023.2875,691.0,1300.0,8.188,10.5,10.25,10.188,11.0,9.0,9.5,10.625,11.625,9.125,0.0,75.5,1
20.0,80.0,992.9,731.0,1319.0,9.438,10.5,11.625,10.5,9.562,10.125,9.188,9.438,9.562,10.062,0.0,75.44,0
20.0,80.0,1017.2125,735.0,1287.0,10.625,8.875,10.0,9.938,10.688,9.688,9.0,9.438,11.75,10.0,0.0,75.25,1
20.0,80.0,1009.625,669.0,1320.0,9.375,11.125,8.938,10.0,10.812,10.5,9.438,9.938,9.438,10.438,0.0,75.44,1
20.0,80.0,971.3125,714.0,1308.0,11.0,10.688,11.25,9.125,10.062,11.062,9.688,8.375,9.0,9.75,0.0,75.5,1
20.0,80.0,1013.3125,684.0,1396.0,10.062,9.812,11.188,10.25,8.875,9.812,9.062,9.312,11.25,10.375,0.0,75.25,1
20.0,80.0,1004.8125,712.0,1372.0,10.062,10.625,10.938,10.062,9.5,9.0,8.688,10.062,12.062,9.0,0.0,75.5,1
20.0,80.0,1015.2375,720.0,1267.0,10.125,8.438,11.25,9.312,10.75,9.688,9.5,11.0,10.062,9.875,0.0,75.12,1
20.0,80.0,1010.275,738.0,1284.0,9.75,11.25,9.5,9.688,10.0,9.312,9.562,10.0,11.438,9.5,0.0,75.44,1
20.0,85.0,1016.0941176470589,609.0,1394.0,9.824,9.824,8.824,10.588,10.059,10.471,10.0,11.647,9.471,9.294,0.0,76.94,1
20.0,85.0,1011.7882352941176,662.0,1358.0,9.882,9.412,10.706,9.882,10.706,9.706,10.235,9.235,10.0,10.235,0.0,76.88,1
20.0,85.0,1030.6352941176472,615.0,1296.0,8.824,10.0,9.588,9.118,10.412,10.824,9.882,11.706,10.471,9.176,0.0,76.94,1
20.0,85.0,1009.7058823529412,664.0,1341.0,9.059,9.941,11.706,10.059,10.235,10.235,9.294,8.941,9.882,10.647,0.0,76.71,0
20.0,85.0,1022.6235294117647,786.0,1308.0,9.941,10.471,9.353,9.176,10.235,9.941,9.765,9.647,10.529,10.941,0.0,76.82,1
20.0,85.0,1010.2823529411764,658.0,1303.0,10.353,9.118,10.765,9.529,9.0,11.176,10.118,10.824,9.529,9.588,0.0,76.71,0
20.0,85.0,1017.7176470588236,704.0,1260.0,9.353,10.882,10.588,9.294,9.647,9.353,9.706,9.882,10.529,10.765,0.0,76.71,1
20.0,85.0,1015.6117647058824,638.0,1386.0,9.353,10.118,9.824,10.059,10.059,10.059,10.059,10.529,10.412,9.529,0.0,76.65,1
20.0,85.0,1027.6117647058823,689.0,1321.0,9.294,9.588,9.941,9.647,10.882,9.118,10.882,9.647,10.059,10.941,0.0,76.71,1
20.0,85.0,1015.9058823529411,697.0,1315.0,10.176,10.824,9.353,9.765,9.353,9.176,10.412,10.235,9.882,10.824,0.0,76.94,0
20.0,90.0,1019.0888888888888,619.0,1345.0,9.0,10.333,10.278,9.889,9.667,9.944,10.667,10.167,9.722,10.333,0.0,78.11,1
20.0,90.0,1023.6777777777778,658.0,1314.0,9.5,10.0,9.5,10.333,10.0,9.778,9.222,11.056,10.722,9.889,0.0,77.94,1
20.0,90.0,990.8555555555556,660.0,1243.0,10.5,10.333,10.833,9.556,10.944,8.611,10.222,9.5,10.167,9.333,0.0,77.94,0
20.0,90.0,988.4666666666667,636.0,1426.0,10.389,9.222,11.111,11.944,9.278,10.667,9.333,8.833,9.667,9.556,0.0,78.06,1
20.0,90.0,997.6444444444444,671.0,1281.0,10.389,9.333,10.889,10.056,10.111,10.167,9.778,10.444,10.0,8.833,0.0,77.89,1
20.0,90.0,1027.1333333333334,793.0,1330.0,9.389,9.444,9.278,10.944,9.889,9.556,10.111,11.944,9.667,9.778,0.0,78.0,1
20.0,90.0,993.8888888888889,739.0,1314.0,10.611,10.944,10.278,9.389,9.889,9.056,10.611,9.889,9.444,9.889,0.0,78.0,1
20.0,90.0,1014.5666666666667,701.0,1282.0,10.222,10.111,10.111,10.111,8.889,9.833,10.833,9.0,10.611,10.278,0.0,77.94,1
20.0,90.0,1027.1555555555556,767.0,1387.0,8.389,10.222,9.5,10.056,10.5,10.333,10.389,10.778,11.0,8.833,0.0,77.94,1
20.0,90.0,990.3666666666667,721.0,1240.0,10.278,11.5,10.167,9.333,9.667,10.111,10.278,9.5,8.833,10.333,0.0,77.83,1
20.0,95.0,1025.7894736842106,779.0,1371.0,10.368,8.263,9.526,11.474,10.263,9.316,9.474,9.632,10.579,11.105,0.0,79.05,1
20.0,95.0,1011.2526315789473,642.0,1319.0,9.684,10.947,9.0,11.474,8.684,9.211,11.211,9.895,9.053,10.842,0.0,79.0,1
20.0,95.0,1001.2526315789473,663.0,1259.0,10.684,8.895,10.421,11.0,9.895,9.789,10.263,9.368,9.737,9.947,0.0,79.0,1
20.0,95.0,1015.7684210526315,666.0,1293.0,9.474,10.211,9.895,9.895,9.421,10.368,11.368,9.684,8.947,10.737,0.0,79.05,0
20.0,95.0,996.2526315789473,605.0,1309.0,10.105,10.684,9.474,10.053,10.526,10.632,9.737,9.421,10.053,9.316,0.0,79.32,0
20.0,95.0,1009.6842105263158,639.0,1355.0,10.789,9.632,9.0,9.474,11.105,9.158,9.105,13.263,9.316,9.158,0.0,79.0,1
20.0,95.0,1014.3578947368421,675.0,1370.0,9.316,9.737,10.737,10.0,10.368,9.368,10.632,9.947,10.105,9.789,0.0,79.05,1
20.0,95.0,1019.3052631578947,746.0,1323.0,10.0,9.526,10.0,10.053,11.263,8.526,9.158,9.895,10.842,10.737,0.0,79.05,1
20.0,95.0,1024.6736842105263,576.0,1304.0,9.211,10.474,9.263,9.895,10.316,10.053,9.632,10.368,10.632,10.158,0.0,79.05,1
20.0,95.0,1018.1263157894737,738.0,1278.0,9.632,10.368,10.421,10.105,8.421,9.684,10.211,10.263,11.421,9.474,0.0,79.16,1
20.0,100.0,984.72,534.0,1262.0,11.15,10.1,10.3,10.95,9.8,9.9,8.6,9.9,9.6,9.7,0.0,80.25,1
20.0,100.0,1025.21,752.0,1363.0,10.55,9.75,9.65,8.4,10.1,11.0,9.25,9.6,11.4,10.3,0.0,80.2,1
20.0,100.0,989.04,727.0,1253.0,11.4,10.0,9.25,10.1,9.7,11.45,9.85,9.3,10.25,8.7,0.0,80.1,0
20.0,100.0,1040.01,725.0,1333.0,8.95,9.55,8.9,10.6,10.05,10.4,9.85,10.4,10.65,10.65,0.0,80.1,1
20.0,100.0,992.45,661.0,1432.0,10.9,10.55,10.85,9.25,10.2,8.35,10.05,10.45,9.0,10.4,0.0,80.2,1
20.0,100.0,1014.89,734.0,1256.0,9.25,10.35,10.3,10.25,9.15,10.05,10.45,10.15,10.55,9.5,0.0,80.2,1
20.0,100.0,1020.72,682.0,1387.0,9.35,10.15,10.2,9.5,10.1,8.95,10.9,9.4,11.95,9.5,0.0,80.15,0
20.0,100.0,1000.69,683.0,1383.0,10.4,11.2,9.65,9.55,10.15,9.0,8.75,11.05,10.25,10.0,0.0,80.25,1
20.0,100.0,1002.7,681.0,1439.0,9.35,10.85,10.1,10.35,10.0,9.7,9.85,10.3,10.6,8.9,0.0,80.05,1
20.0,100.0,1010.34,667.0,1282.0,9.4,8.75,11.15,10.75,10.5,9.95,9.85,10.8,9.85,9.0,0.0,80.05,0
